<?xml version="1.0" encoding="UTF-8"?>
<!DOCTYPE mapper PUBLIC "-//mybatis.org//DTD Mapper 3.0//EN" "http://mybatis.org/dtd/mybatis-3-mapper.dtd">
<mapper namespace="com.star.dao.ArticlelikeDOMapper">
  <resultMap id="BaseResultMap" type="com.star.dataobject.ArticlelikeDO">
    <!--
      WARNING - @mbg.generated
      This element is automatically generated by MyBatis Generator, do not modify.
      This element was generated on Tue Dec 01 23:00:38 CST 2020.
    -->
    <id column="articlelike_id" jdbcType="INTEGER" property="articlelikeId" />
    <result column="article_id" jdbcType="INTEGER" property="articleId" />
    <result column="user_id" jdbcType="INTEGER" property="userId" />
  </resultMap>
  <sql id="Base_Column_List">
    <!--
      WARNING - @mbg.generated
      This element is automatically generated by MyBatis Generator, do not modify.
      This element was generated on Tue Dec 01 23:00:38 CST 2020.
    -->
    articlelike_id, article_id, user_id
  </sql>
  <select id="selectByPrimaryKey" parameterType="java.lang.Integer" resultMap="BaseResultMap">
    <!--
      WARNING - @mbg.generated
      This element is automatically generated by MyBatis Generator, do not modify.
      This element was generated on Tue Dec 01 23:00:38 CST 2020.
    -->
    select 
    <include refid="Base_Column_List" />
    from articlelike
    where articlelike_id = #{articlelikeId,jdbcType=INTEGER}
  </select>
  <select id="countByArticleKey" resultType="java.lang.Integer">
    select count(distinct user_id)
    <include refid="Base_Column_List" />
    from articlelike
    where article_id = #{articleId,jdbcType=INTEGER}
  </select>
  <delete id="deleteByPrimaryKey" parameterType="java.lang.Integer">
    <!--
      WARNING - @mbg.generated
      This element is automatically generated by MyBatis Generator, do not modify.
      This element was generated on Tue Dec 01 23:00:38 CST 2020.
    -->
    delete from articlelike
    where articlelike_id = #{articlelikeId,jdbcType=INTEGER}
  </delete>
  <delete id="deleteByTwoKey" parameterType="java.lang.Integer">
    delete from articlelike
    where article_id = #{articleId,jdbcType=INTEGER} AND user_id = #{userId,jdbcType=INTEGER}
  </delete>
  <insert id="insert" parameterType="com.star.dataobject.ArticlelikeDO">
    <!--
      WARNING - @mbg.generated
      This element is automatically generated by MyBatis Generator, do not modify.
      This element was generated on Tue Dec 01 23:00:38 CST 2020.
    -->
    insert into articlelike (articlelike_id, article_id, user_id
      )
    values (#{articlelikeId,jdbcType=INTEGER}, #{articleId,jdbcType=INTEGER}, #{userId,jdbcType=INTEGER}
      )
  </insert>
  <insert id="insertSelective" parameterType="com.star.dataobject.ArticlelikeDO" keyProperty="id" useGeneratedKeys="true">
    <!--
      WARNING - @mbg.generated
      This element is automatically generated by MyBatis Generator, do not modify.
      This element was generated on Tue Dec 01 23:00:38 CST 2020.
    -->
    insert into articlelike
    <trim prefix="(" suffix=")" suffixOverrides=",">
      <if test="articlelikeId != null">
        articlelike_id,
      </if>
      <if test="articleId != null">
        article_id,
      </if>
      <if test="userId != null">
        user_id,
      </if>
    </trim>
    <trim prefix="values (" suffix=")" suffixOverrides=",">
      <if test="articlelikeId != null">
        #{articlelikeId,jdbcType=INTEGER},
      </if>
      <if test="articleId != null">
        #{articleId,jdbcType=INTEGER},
      </if>
      <if test="userId != null">
        #{userId,jdbcType=INTEGER},
      </if>
    </trim>
  </insert>
  <update id="updateByPrimaryKeySelective" parameterType="com.star.dataobject.ArticlelikeDO">
    <!--
      WARNING - @mbg.generated
      This element is automatically generated by MyBatis Generator, do not modify.
      This element was generated on Tue Dec 01 23:00:38 CST 2020.
    -->
    update articlelike
    <set>
      <if test="articleId != null">
        article_id = #{articleId,jdbcType=INTEGER},
      </if>
      <if test="userId != null">
        user_id = #{userId,jdbcType=INTEGER},
      </if>
    </set>
    where articlelike_id = #{articlelikeId,jdbcType=INTEGER}
  </update>
  <update id="updateByPrimaryKey" parameterType="com.star.dataobject.ArticlelikeDO">
    <!--
      WARNING - @mbg.generated
      This element is automatically generated by MyBatis Generator, do not modify.
      This element was generated on Tue Dec 01 23:00:38 CST 2020.
    -->
    update articlelike
    set article_id = #{articleId,jdbcType=INTEGER},
      user_id = #{userId,jdbcType=INTEGER}
    where articlelike_id = #{articlelikeId,jdbcType=INTEGER}
  </update>
</mapper>