<?xml version="1.0" encoding="UTF-8"?>
<!DOCTYPE mapper PUBLIC "-//mybatis.org//DTD Mapper 3.0//EN" "http://mybatis.org/dtd/mybatis-3-mapper.dtd">
<mapper namespace="com.star.dao.CompanyDOMapper">
  <resultMap id="BaseResultMap" type="com.star.dataobject.CompanyDO">
    <!--
      WARNING - @mbg.generated
      This element is automatically generated by MyBatis Generator, do not modify.
      This element was generated on Tue Dec 01 23:00:38 CST 2020.
    -->
    <id column="company_id" jdbcType="INTEGER" property="companyId" />
    <result column="company_intro" jdbcType="VARCHAR" property="companyIntro" />
  </resultMap>
  <sql id="Base_Column_List">
    <!--
      WARNING - @mbg.generated
      This element is automatically generated by MyBatis Generator, do not modify.
      This element was generated on Tue Dec 01 23:00:38 CST 2020.
    -->
    company_id, company_intro
  </sql>
  <select id="selectByPrimaryKey" parameterType="java.lang.Integer" resultMap="BaseResultMap">
    <!--
      WARNING - @mbg.generated
      This element is automatically generated by MyBatis Generator, do not modify.
      This element was generated on Tue Dec 01 23:00:38 CST 2020.
    -->
    select 
    <include refid="Base_Column_List" />
    from company
    where company_id = #{companyId,jdbcType=INTEGER}
  </select>
  <select id="listCompany" resultMap="BaseResultMap">
    select
    <include refid="Base_Column_List" />
    from company
  </select>
  <delete id="deleteByPrimaryKey" parameterType="java.lang.Integer">
    <!--
      WARNING - @mbg.generated
      This element is automatically generated by MyBatis Generator, do not modify.
      This element was generated on Tue Dec 01 23:00:38 CST 2020.
    -->
    delete from company
    where company_id = #{companyId,jdbcType=INTEGER}
  </delete>
  <insert id="insert" parameterType="com.star.dataobject.CompanyDO">
    <!--
      WARNING - @mbg.generated
      This element is automatically generated by MyBatis Generator, do not modify.
      This element was generated on Tue Dec 01 23:00:38 CST 2020.
    -->
    insert into company (company_id, company_intro)
    values (#{companyId,jdbcType=INTEGER}, #{companyIntro,jdbcType=VARCHAR})
  </insert>
  <insert id="insertSelective" parameterType="com.star.dataobject.CompanyDO" keyProperty="id" useGeneratedKeys="true">
    <!--
      WARNING - @mbg.generated
      This element is automatically generated by MyBatis Generator, do not modify.
      This element was generated on Tue Dec 01 23:00:38 CST 2020.
    -->
    insert into company
    <trim prefix="(" suffix=")" suffixOverrides=",">
      <if test="companyId != null">
        company_id,
      </if>
      <if test="companyIntro != null">
        company_intro,
      </if>
    </trim>
    <trim prefix="values (" suffix=")" suffixOverrides=",">
      <if test="companyId != null">
        #{companyId,jdbcType=INTEGER},
      </if>
      <if test="companyIntro != null">
        #{companyIntro,jdbcType=VARCHAR},
      </if>
    </trim>
  </insert>
  <update id="updateByPrimaryKeySelective" parameterType="com.star.dataobject.CompanyDO">
    <!--
      WARNING - @mbg.generated
      This element is automatically generated by MyBatis Generator, do not modify.
      This element was generated on Tue Dec 01 23:00:38 CST 2020.
    -->
    update company
    <set>
      <if test="companyIntro != null">
        company_intro = #{companyIntro,jdbcType=VARCHAR},
      </if>
    </set>
    where company_id = #{companyId,jdbcType=INTEGER}
  </update>
  <update id="updateByPrimaryKey" parameterType="com.star.dataobject.CompanyDO">
    <!--
      WARNING - @mbg.generated
      This element is automatically generated by MyBatis Generator, do not modify.
      This element was generated on Tue Dec 01 23:00:38 CST 2020.
    -->
    update company
    set company_intro = #{companyIntro,jdbcType=VARCHAR}
    where company_id = #{companyId,jdbcType=INTEGER}
  </update>
</mapper>