<?xml version="1.0" encoding="UTF-8"?>
<!DOCTYPE mapper PUBLIC "-//mybatis.org//DTD Mapper 3.0//EN" "http://mybatis.org/dtd/mybatis-3-mapper.dtd">
<mapper namespace="com.star.dao.ArticleDOMapper">
  <resultMap id="BaseResultMap" type="com.star.dataobject.ArticleDO">
    <!--
      WARNING - @mbg.generated
      This element is automatically generated by MyBatis Generator, do not modify.
      This element was generated on Mon Nov 09 15:52:45 CST 2020.
    -->
    <id column="article_id" jdbcType="INTEGER" property="articleId" />
    <result column="article_title" jdbcType="VARCHAR" property="articleTitle" />
    <result column="article_content" jdbcType="VARCHAR" property="articleContent" />
    <result column="article_date" jdbcType="DATE" property="articleDate" />
    <result column="user_id" jdbcType="INTEGER" property="userId" />
  </resultMap>
  <sql id="Base_Column_List">
    <!--
      WARNING - @mbg.generated
      This element is automatically generated by MyBatis Generator, do not modify.
      This element was generated on Mon Nov 09 15:52:45 CST 2020.
    -->
    article_id, article_title, article_content, article_date, user_id
  </sql>
  <select id="selectByPrimaryKey" parameterType="java.lang.Integer" resultMap="BaseResultMap">
    <!--
      WARNING - @mbg.generated
      This element is automatically generated by MyBatis Generator, do not modify.
      This element was generated on Mon Nov 09 15:52:45 CST 2020.
    -->
    select 
    <include refid="Base_Column_List" />
    from article
    where article_id = #{articleId,jdbcType=INTEGER}
  </select>
  <select id="listArticle" resultMap="BaseResultMap">
    select
    <include refid="Base_Column_List" />
    from article
  </select>
  <select id="listArticleByUser" resultMap="BaseResultMap">
    select
    <include refid="Base_Column_List" />
    from article
    where user_id = #{userId,jdbcType=INTEGER}
  </select>
  <delete id="deleteByPrimaryKey" parameterType="java.lang.Integer">
    <!--
      WARNING - @mbg.generated
      This element is automatically generated by MyBatis Generator, do not modify.
      This element was generated on Mon Nov 09 15:52:45 CST 2020.
    -->
    delete from article
    where article_id = #{articleId,jdbcType=INTEGER}
  </delete>
  <insert id="insert" parameterType="com.star.dataobject.ArticleDO">
    <!--
      WARNING - @mbg.generated
      This element is automatically generated by MyBatis Generator, do not modify.
      This element was generated on Mon Nov 09 15:52:45 CST 2020.
    -->
    insert into article (article_id, article_title, article_content, 
      article_date, user_id)
    values (#{articleId,jdbcType=INTEGER}, #{articleTitle,jdbcType=VARCHAR}, #{articleContent,jdbcType=VARCHAR}, 
      #{articleDate,jdbcType=DATE}, #{userId,jdbcType=INTEGER})
  </insert>
  <insert id="insertSelective" parameterType="com.star.dataobject.ArticleDO" keyProperty="id" useGeneratedKeys="true">
    <!--
      WARNING - @mbg.generated
      This element is automatically generated by MyBatis Generator, do not modify.
      This element was generated on Mon Nov 09 15:52:45 CST 2020.
    -->
    insert into article
    <trim prefix="(" suffix=")" suffixOverrides=",">
      <if test="articleId != null">
        article_id,
      </if>
      <if test="articleTitle != null">
        article_title,
      </if>
      <if test="articleContent != null">
        article_content,
      </if>
      <if test="articleDate != null">
        article_date,
      </if>
      <if test="userId != null">
        user_id,
      </if>
    </trim>
    <trim prefix="values (" suffix=")" suffixOverrides=",">
      <if test="articleId != null">
        #{articleId,jdbcType=INTEGER},
      </if>
      <if test="articleTitle != null">
        #{articleTitle,jdbcType=VARCHAR},
      </if>
      <if test="articleContent != null">
        #{articleContent,jdbcType=VARCHAR},
      </if>
      <if test="articleDate != null">
        #{articleDate,jdbcType=DATE},
      </if>
      <if test="userId != null">
        #{userId,jdbcType=INTEGER},
      </if>
    </trim>
  </insert>
  <update id="updateByPrimaryKeySelective" parameterType="com.star.dataobject.ArticleDO">
    <!--
      WARNING - @mbg.generated
      This element is automatically generated by MyBatis Generator, do not modify.
      This element was generated on Mon Nov 09 15:52:45 CST 2020.
    -->
    update article
    <set>
      <if test="articleTitle != null">
        article_title = #{articleTitle,jdbcType=VARCHAR},
      </if>
      <if test="articleContent != null">
        article_content = #{articleContent,jdbcType=VARCHAR},
      </if>
      <if test="articleDate != null">
        article_date = #{articleDate,jdbcType=DATE},
      </if>
      <if test="userId != null">
        user_id = #{userId,jdbcType=INTEGER},
      </if>
    </set>
    where article_id = #{articleId,jdbcType=INTEGER}
  </update>
  <update id="updateByPrimaryKey" parameterType="com.star.dataobject.ArticleDO">
    <!--
      WARNING - @mbg.generated
      This element is automatically generated by MyBatis Generator, do not modify.
      This element was generated on Mon Nov 09 15:52:45 CST 2020.
    -->
    update article
    set article_title = #{articleTitle,jdbcType=VARCHAR},
      article_content = #{articleContent,jdbcType=VARCHAR},
      article_date = #{articleDate,jdbcType=DATE},
      user_id = #{userId,jdbcType=INTEGER}
    where article_id = #{articleId,jdbcType=INTEGER}
  </update>
</mapper>