<?xml version="1.0" encoding="UTF-8"?>
<!DOCTYPE mapper PUBLIC "-//mybatis.org//DTD Mapper 3.0//EN" "http://mybatis.org/dtd/mybatis-3-mapper.dtd">
<mapper namespace="com.star.dao.ArticletagDOMapper">
  <resultMap id="BaseResultMap" type="com.star.dataobject.ArticletagDO">
    <!--
      WARNING - @mbg.generated
      This element is automatically generated by MyBatis Generator, do not modify.
      This element was generated on Fri Nov 13 20:12:18 CST 2020.
    -->
    <id column="articletag_id" jdbcType="INTEGER" property="articletagId" />
    <result column="article_id" jdbcType="INTEGER" property="articleId" />
    <result column="article_title" jdbcType="VARCHAR" property="articleTitle" />
    <result column="article_content" jdbcType="VARCHAR" property="articleContent" />
    <result column="article_date" jdbcType="DATE" property="articleDate" />
    <result column="tag_id" jdbcType="INTEGER" property="tagId" />
    <result column="tag_name" jdbcType="VARCHAR" property="tagName" />
    <result column="user_id" jdbcType="INTEGER" property="userId" />
  </resultMap>
  <sql id="Base_Column_List">
    <!--
      WARNING - @mbg.generated
      This element is automatically generated by MyBatis Generator, do not modify.
      This element was generated on Fri Nov 13 20:12:18 CST 2020.
    -->
    articletag_id, article_id, article_title, article_content, article_date, tag_id, 
    tag_name, user_id
  </sql>
  <select id="selectByPrimaryKey" parameterType="java.lang.Integer" resultMap="BaseResultMap">
    <!--
      WARNING - @mbg.generated
      This element is automatically generated by MyBatis Generator, do not modify.
      This element was generated on Fri Nov 13 20:12:18 CST 2020.
    -->
    select 
    <include refid="Base_Column_List" />
    from articletag
    where articletag_id = #{articletagId,jdbcType=INTEGER}
  </select>
  <select id="listaArticletagByArticle" resultMap="BaseResultMap">
    select
    <include refid="Base_Column_List" />
    from articletag
    where article_id = #{articleId,jdbcType=INTEGER}
  </select>
  <select id="listaArticletagByTag" resultMap="BaseResultMap">
    select
    <include refid="Base_Column_List" />
    from articletag
    where tag_id = #{tagId,jdbcType=INTEGER}
  </select>
  <delete id="deleteByPrimaryKey" parameterType="java.lang.Integer">
    <!--
      WARNING - @mbg.generated
      This element is automatically generated by MyBatis Generator, do not modify.
      This element was generated on Fri Nov 13 20:12:18 CST 2020.
    -->
    delete from articletag
    where articletag_id = #{articletagId,jdbcType=INTEGER}
  </delete>
  <delete id="deleteByArticleKey" parameterType="java.lang.Integer">
    delete from articletag
    where article_id = #{articleId,jdbcType=INTEGER}
  </delete>
  <delete id="deleteByTagKey" parameterType="java.lang.Integer">
    delete from articletag
    where tag_id = #{tagId,jdbcType=INTEGER}
  </delete>
  <delete id="deleteByTwoKey" parameterType="java.lang.Integer">
    delete from articletag
    where article_id = #{articleId,jdbcType=INTEGER} AND tag_id = #{tagId,jdbcType=INTEGER}
  </delete>
  <insert id="insert" parameterType="com.star.dataobject.ArticletagDO">
    <!--
      WARNING - @mbg.generated
      This element is automatically generated by MyBatis Generator, do not modify.
      This element was generated on Fri Nov 13 20:12:18 CST 2020.
    -->
    insert into articletag (articletag_id, article_id, article_title, 
      article_content, article_date, tag_id, 
      tag_name, user_id)
    values (#{articletagId,jdbcType=INTEGER}, #{articleId,jdbcType=INTEGER}, #{articleTitle,jdbcType=VARCHAR}, 
      #{articleContent,jdbcType=VARCHAR}, #{articleDate,jdbcType=DATE}, #{tagId,jdbcType=INTEGER}, 
      #{tagName,jdbcType=VARCHAR}, #{userId,jdbcType=INTEGER})
  </insert>
  <insert id="insertSelective" parameterType="com.star.dataobject.ArticletagDO" keyProperty="id" useGeneratedKeys="true">
    <!--
      WARNING - @mbg.generated
      This element is automatically generated by MyBatis Generator, do not modify.
      This element was generated on Fri Nov 13 20:12:18 CST 2020.
    -->
    insert into articletag
    <trim prefix="(" suffix=")" suffixOverrides=",">
      <if test="articletagId != null">
        articletag_id,
      </if>
      <if test="articleId != null">
        article_id,
      </if>
      <if test="articleTitle != null">
        article_title,
      </if>
      <if test="articleContent != null">
        article_content,
      </if>
      <if test="articleDate != null">
        article_date,
      </if>
      <if test="tagId != null">
        tag_id,
      </if>
      <if test="tagName != null">
        tag_name,
      </if>
      <if test="userId != null">
        user_id,
      </if>
    </trim>
    <trim prefix="values (" suffix=")" suffixOverrides=",">
      <if test="articletagId != null">
        #{articletagId,jdbcType=INTEGER},
      </if>
      <if test="articleId != null">
        #{articleId,jdbcType=INTEGER},
      </if>
      <if test="articleTitle != null">
        #{articleTitle,jdbcType=VARCHAR},
      </if>
      <if test="articleContent != null">
        #{articleContent,jdbcType=VARCHAR},
      </if>
      <if test="articleDate != null">
        #{articleDate,jdbcType=DATE},
      </if>
      <if test="tagId != null">
        #{tagId,jdbcType=INTEGER},
      </if>
      <if test="tagName != null">
        #{tagName,jdbcType=VARCHAR},
      </if>
      <if test="userId != null">
        #{userId,jdbcType=INTEGER},
      </if>
    </trim>
  </insert>
  <update id="updateByPrimaryKeySelective" parameterType="com.star.dataobject.ArticletagDO">
    <!--
      WARNING - @mbg.generated
      This element is automatically generated by MyBatis Generator, do not modify.
      This element was generated on Fri Nov 13 20:12:18 CST 2020.
    -->
    update articletag
    <set>
      <if test="articleId != null">
        article_id = #{articleId,jdbcType=INTEGER},
      </if>
      <if test="articleTitle != null">
        article_title = #{articleTitle,jdbcType=VARCHAR},
      </if>
      <if test="articleContent != null">
        article_content = #{articleContent,jdbcType=VARCHAR},
      </if>
      <if test="articleDate != null">
        article_date = #{articleDate,jdbcType=DATE},
      </if>
      <if test="tagId != null">
        tag_id = #{tagId,jdbcType=INTEGER},
      </if>
      <if test="tagName != null">
        tag_name = #{tagName,jdbcType=VARCHAR},
      </if>
      <if test="userId != null">
        user_id = #{userId,jdbcType=INTEGER},
      </if>
    </set>
    where articletag_id = #{articletagId,jdbcType=INTEGER}
  </update>
  <update id="updateByPrimaryKey" parameterType="com.star.dataobject.ArticletagDO">
    <!--
      WARNING - @mbg.generated
      This element is automatically generated by MyBatis Generator, do not modify.
      This element was generated on Fri Nov 13 20:12:18 CST 2020.
    -->
    update articletag
    set article_id = #{articleId,jdbcType=INTEGER},
      article_title = #{articleTitle,jdbcType=VARCHAR},
      article_content = #{articleContent,jdbcType=VARCHAR},
      article_date = #{articleDate,jdbcType=DATE},
      tag_id = #{tagId,jdbcType=INTEGER},
      tag_name = #{tagName,jdbcType=VARCHAR},
      user_id = #{userId,jdbcType=INTEGER}
    where articletag_id = #{articletagId,jdbcType=INTEGER}
  </update>
</mapper>