<?xml version="1.0" encoding="UTF-8"?>
<!DOCTYPE mapper PUBLIC "-//mybatis.org//DTD Mapper 3.0//EN" "http://mybatis.org/dtd/mybatis-3-mapper.dtd">
<mapper namespace="com.star.dao.CommentDOMapper">
  <resultMap id="BaseResultMap" type="com.star.dataobject.CommentDO">
    <!--
      WARNING - @mbg.generated
      This element is automatically generated by MyBatis Generator, do not modify.
      This element was generated on Fri Nov 13 20:12:18 CST 2020.
    -->
    <id column="comment_id" jdbcType="INTEGER" property="commentId" />
    <result column="comment_content" jdbcType="VARCHAR" property="commentContent" />
    <result column="comment_date" jdbcType="DATE" property="commentDate" />
    <result column="user_id" jdbcType="INTEGER" property="userId" />
    <result column="article_id" jdbcType="INTEGER" property="articleId" />
  </resultMap>
  <sql id="Base_Column_List">
    <!--
      WARNING - @mbg.generated
      This element is automatically generated by MyBatis Generator, do not modify.
      This element was generated on Fri Nov 13 20:12:18 CST 2020.
    -->
    comment_id, comment_content, comment_date, user_id, article_id
  </sql>
  <select id="selectByPrimaryKey" parameterType="java.lang.Integer" resultMap="BaseResultMap">
    <!--
      WARNING - @mbg.generated
      This element is automatically generated by MyBatis Generator, do not modify.
      This element was generated on Fri Nov 13 20:12:18 CST 2020.
    -->
    select 
    <include refid="Base_Column_List" />
    from comment
    where comment_id = #{commentId,jdbcType=INTEGER}
  </select>
  <select id="listCommentByArticle" resultMap="BaseResultMap">
    select
    <include refid="Base_Column_List" />
    from comment
    where article_id = #{articleId,jdbcType=INTEGER}
  </select>
  <select id="listCommentByUser" resultMap="BaseResultMap">
    select
    <include refid="Base_Column_List" />
    from comment
    where user_id = #{userId,jdbcType=INTEGER}
  </select>
  <select id="countByArticleKey" resultMap="BaseResultMap">
    select count(*)
    <include refid="Base_Column_List" />
    from comment
    where article_id = #{articleId,jdbcType=INTEGER}
  </select>
  <delete id="deleteByPrimaryKey" parameterType="java.lang.Integer">
    <!--
      WARNING - @mbg.generated
      This element is automatically generated by MyBatis Generator, do not modify.
      This element was generated on Fri Nov 13 20:12:18 CST 2020.
    -->
    delete from comment
    where comment_id = #{commentId,jdbcType=INTEGER}
  </delete>
  <insert id="insert" parameterType="com.star.dataobject.CommentDO">
    <!--
      WARNING - @mbg.generated
      This element is automatically generated by MyBatis Generator, do not modify.
      This element was generated on Fri Nov 13 20:12:18 CST 2020.
    -->
    insert into comment (comment_id, comment_content, comment_date, 
      user_id, article_id)
    values (#{commentId,jdbcType=INTEGER}, #{commentContent,jdbcType=VARCHAR}, #{commentDate,jdbcType=DATE}, 
      #{userId,jdbcType=INTEGER}, #{articleId,jdbcType=INTEGER})
  </insert>
  <insert id="insertSelective" parameterType="com.star.dataobject.CommentDO" keyProperty="id" useGeneratedKeys="true">
    <!--
      WARNING - @mbg.generated
      This element is automatically generated by MyBatis Generator, do not modify.
      This element was generated on Fri Nov 13 20:12:18 CST 2020.
    -->
    insert into comment
    <trim prefix="(" suffix=")" suffixOverrides=",">
      <if test="commentId != null">
        comment_id,
      </if>
      <if test="commentContent != null">
        comment_content,
      </if>
      <if test="commentDate != null">
        comment_date,
      </if>
      <if test="userId != null">
        user_id,
      </if>
      <if test="articleId != null">
        article_id,
      </if>
    </trim>
    <trim prefix="values (" suffix=")" suffixOverrides=",">
      <if test="commentId != null">
        #{commentId,jdbcType=INTEGER},
      </if>
      <if test="commentContent != null">
        #{commentContent,jdbcType=VARCHAR},
      </if>
      <if test="commentDate != null">
        #{commentDate,jdbcType=DATE},
      </if>
      <if test="userId != null">
        #{userId,jdbcType=INTEGER},
      </if>
      <if test="articleId != null">
        #{articleId,jdbcType=INTEGER},
      </if>
    </trim>
  </insert>
  <update id="updateByPrimaryKeySelective" parameterType="com.star.dataobject.CommentDO">
    <!--
      WARNING - @mbg.generated
      This element is automatically generated by MyBatis Generator, do not modify.
      This element was generated on Fri Nov 13 20:12:18 CST 2020.
    -->
    update comment
    <set>
      <if test="commentContent != null">
        comment_content = #{commentContent,jdbcType=VARCHAR},
      </if>
      <if test="commentDate != null">
        comment_date = #{commentDate,jdbcType=DATE},
      </if>
      <if test="userId != null">
        user_id = #{userId,jdbcType=INTEGER},
      </if>
      <if test="articleId != null">
        article_id = #{articleId,jdbcType=INTEGER},
      </if>
    </set>
    where comment_id = #{commentId,jdbcType=INTEGER}
  </update>
  <update id="updateByPrimaryKey" parameterType="com.star.dataobject.CommentDO">
    <!--
      WARNING - @mbg.generated
      This element is automatically generated by MyBatis Generator, do not modify.
      This element was generated on Fri Nov 13 20:12:18 CST 2020.
    -->
    update comment
    set comment_content = #{commentContent,jdbcType=VARCHAR},
      comment_date = #{commentDate,jdbcType=DATE},
      user_id = #{userId,jdbcType=INTEGER},
      article_id = #{articleId,jdbcType=INTEGER}
    where comment_id = #{commentId,jdbcType=INTEGER}
  </update>
</mapper>