<?xml version="1.0" encoding="UTF-8"?>
<!DOCTYPE mapper PUBLIC "-//mybatis.org//DTD Mapper 3.0//EN" "http://mybatis.org/dtd/mybatis-3-mapper.dtd">
<mapper namespace="com.star.dao.LeaderDOMapper">
  <resultMap id="BaseResultMap" type="com.star.dataobject.LeaderDO">
    <!--
      WARNING - @mbg.generated
      This element is automatically generated by MyBatis Generator, do not modify.
      This element was generated on Fri Nov 13 20:12:18 CST 2020.
    -->
    <id column="leader_id" jdbcType="INTEGER" property="leaderId" />
    <result column="leader_name" jdbcType="VARCHAR" property="leaderName" />
    <result column="leader_post" jdbcType="VARCHAR" property="leaderPost" />
    <result column="leader_intro" jdbcType="VARCHAR" property="leaderIntro" />
  </resultMap>
  <sql id="Base_Column_List">
    <!--
      WARNING - @mbg.generated
      This element is automatically generated by MyBatis Generator, do not modify.
      This element was generated on Fri Nov 13 20:12:18 CST 2020.
    -->
    leader_id, leader_name, leader_post, leader_intro
  </sql>
  <select id="selectByPrimaryKey" parameterType="java.lang.Integer" resultMap="BaseResultMap">
    <!--
      WARNING - @mbg.generated
      This element is automatically generated by MyBatis Generator, do not modify.
      This element was generated on Fri Nov 13 20:12:18 CST 2020.
    -->
    select 
    <include refid="Base_Column_List" />
    from leader
    where leader_id = #{leaderId,jdbcType=INTEGER}
  </select>
  <select id="listLeader" resultMap="BaseResultMap">
    select
    <include refid="Base_Column_List" />
    from leader
  </select>
  <delete id="deleteByPrimaryKey" parameterType="java.lang.Integer">
    <!--
      WARNING - @mbg.generated
      This element is automatically generated by MyBatis Generator, do not modify.
      This element was generated on Fri Nov 13 20:12:18 CST 2020.
    -->
    delete from leader
    where leader_id = #{leaderId,jdbcType=INTEGER}
  </delete>
  <insert id="insert" parameterType="com.star.dataobject.LeaderDO">
    <!--
      WARNING - @mbg.generated
      This element is automatically generated by MyBatis Generator, do not modify.
      This element was generated on Fri Nov 13 20:12:18 CST 2020.
    -->
    insert into leader (leader_id, leader_name, leader_post, 
      leader_intro)
    values (#{leaderId,jdbcType=INTEGER}, #{leaderName,jdbcType=VARCHAR}, #{leaderPost,jdbcType=VARCHAR}, 
      #{leaderIntro,jdbcType=VARCHAR})
  </insert>
  <insert id="insertSelective" parameterType="com.star.dataobject.LeaderDO" keyProperty="id" useGeneratedKeys="true">
    <!--
      WARNING - @mbg.generated
      This element is automatically generated by MyBatis Generator, do not modify.
      This element was generated on Fri Nov 13 20:12:18 CST 2020.
    -->
    insert into leader
    <trim prefix="(" suffix=")" suffixOverrides=",">
      <if test="leaderId != null">
        leader_id,
      </if>
      <if test="leaderName != null">
        leader_name,
      </if>
      <if test="leaderPost != null">
        leader_post,
      </if>
      <if test="leaderIntro != null">
        leader_intro,
      </if>
    </trim>
    <trim prefix="values (" suffix=")" suffixOverrides=",">
      <if test="leaderId != null">
        #{leaderId,jdbcType=INTEGER},
      </if>
      <if test="leaderName != null">
        #{leaderName,jdbcType=VARCHAR},
      </if>
      <if test="leaderPost != null">
        #{leaderPost,jdbcType=VARCHAR},
      </if>
      <if test="leaderIntro != null">
        #{leaderIntro,jdbcType=VARCHAR},
      </if>
    </trim>
  </insert>
  <update id="updateByPrimaryKeySelective" parameterType="com.star.dataobject.LeaderDO">
    <!--
      WARNING - @mbg.generated
      This element is automatically generated by MyBatis Generator, do not modify.
      This element was generated on Fri Nov 13 20:12:18 CST 2020.
    -->
    update leader
    <set>
      <if test="leaderName != null">
        leader_name = #{leaderName,jdbcType=VARCHAR},
      </if>
      <if test="leaderPost != null">
        leader_post = #{leaderPost,jdbcType=VARCHAR},
      </if>
      <if test="leaderIntro != null">
        leader_intro = #{leaderIntro,jdbcType=VARCHAR},
      </if>
    </set>
    where leader_id = #{leaderId,jdbcType=INTEGER}
  </update>
  <update id="updateByPrimaryKey" parameterType="com.star.dataobject.LeaderDO">
    <!--
      WARNING - @mbg.generated
      This element is automatically generated by MyBatis Generator, do not modify.
      This element was generated on Fri Nov 13 20:12:18 CST 2020.
    -->
    update leader
    set leader_name = #{leaderName,jdbcType=VARCHAR},
      leader_post = #{leaderPost,jdbcType=VARCHAR},
      leader_intro = #{leaderIntro,jdbcType=VARCHAR}
    where leader_id = #{leaderId,jdbcType=INTEGER}
  </update>
</mapper>