<?xml version="1.0" encoding="UTF-8"?>
<!DOCTYPE mapper PUBLIC "-//mybatis.org//DTD Mapper 3.0//EN" "http://mybatis.org/dtd/mybatis-3-mapper.dtd">
<mapper namespace="com.star.dao.ReportDOMapper">
  <resultMap id="BaseResultMap" type="com.star.dataobject.ReportDO">
    <!--
      WARNING - @mbg.generated
      This element is automatically generated by MyBatis Generator, do not modify.
      This element was generated on Fri Nov 13 20:12:18 CST 2020.
    -->
    <id column="report_id" jdbcType="INTEGER" property="reportId" />
    <result column="report_title" jdbcType="VARCHAR" property="reportTitle" />
    <result column="report_content" jdbcType="VARCHAR" property="reportContent" />
    <result column="report_date" jdbcType="DATE" property="reportDate" />
  </resultMap>
  <sql id="Base_Column_List">
    <!--
      WARNING - @mbg.generated
      This element is automatically generated by MyBatis Generator, do not modify.
      This element was generated on Fri Nov 13 20:12:18 CST 2020.
    -->
    report_id, report_title, report_content, report_date
  </sql>
  <select id="selectByPrimaryKey" parameterType="java.lang.Integer" resultMap="BaseResultMap">
    <!--
      WARNING - @mbg.generated
      This element is automatically generated by MyBatis Generator, do not modify.
      This element was generated on Fri Nov 13 20:12:18 CST 2020.
    -->
    select 
    <include refid="Base_Column_List" />
    from report
    where report_id = #{reportId,jdbcType=INTEGER}
  </select>
  <select id="listReport" resultMap="BaseResultMap">
    select
    <include refid="Base_Column_List" />
    from report
  </select>
  <delete id="deleteByPrimaryKey" parameterType="java.lang.Integer">
    <!--
      WARNING - @mbg.generated
      This element is automatically generated by MyBatis Generator, do not modify.
      This element was generated on Fri Nov 13 20:12:18 CST 2020.
    -->
    delete from report
    where report_id = #{reportId,jdbcType=INTEGER}
  </delete>
  <insert id="insert" parameterType="com.star.dataobject.ReportDO">
    <!--
      WARNING - @mbg.generated
      This element is automatically generated by MyBatis Generator, do not modify.
      This element was generated on Fri Nov 13 20:12:18 CST 2020.
    -->
    insert into report (report_id, report_title, report_content, 
      report_date)
    values (#{reportId,jdbcType=INTEGER}, #{reportTitle,jdbcType=VARCHAR}, #{reportContent,jdbcType=VARCHAR}, 
      #{reportDate,jdbcType=DATE})
  </insert>
  <insert id="insertSelective" parameterType="com.star.dataobject.ReportDO" keyProperty="id" useGeneratedKeys="true">
    <!--
      WARNING - @mbg.generated
      This element is automatically generated by MyBatis Generator, do not modify.
      This element was generated on Fri Nov 13 20:12:18 CST 2020.
    -->
    insert into report
    <trim prefix="(" suffix=")" suffixOverrides=",">
      <if test="reportId != null">
        report_id,
      </if>
      <if test="reportTitle != null">
        report_title,
      </if>
      <if test="reportContent != null">
        report_content,
      </if>
      <if test="reportDate != null">
        report_date,
      </if>
    </trim>
    <trim prefix="values (" suffix=")" suffixOverrides=",">
      <if test="reportId != null">
        #{reportId,jdbcType=INTEGER},
      </if>
      <if test="reportTitle != null">
        #{reportTitle,jdbcType=VARCHAR},
      </if>
      <if test="reportContent != null">
        #{reportContent,jdbcType=VARCHAR},
      </if>
      <if test="reportDate != null">
        #{reportDate,jdbcType=DATE},
      </if>
    </trim>
  </insert>
  <update id="updateByPrimaryKeySelective" parameterType="com.star.dataobject.ReportDO">
    <!--
      WARNING - @mbg.generated
      This element is automatically generated by MyBatis Generator, do not modify.
      This element was generated on Fri Nov 13 20:12:18 CST 2020.
    -->
    update report
    <set>
      <if test="reportTitle != null">
        report_title = #{reportTitle,jdbcType=VARCHAR},
      </if>
      <if test="reportContent != null">
        report_content = #{reportContent,jdbcType=VARCHAR},
      </if>
      <if test="reportDate != null">
        report_date = #{reportDate,jdbcType=DATE},
      </if>
    </set>
    where report_id = #{reportId,jdbcType=INTEGER}
  </update>
  <update id="updateByPrimaryKey" parameterType="com.star.dataobject.ReportDO">
    <!--
      WARNING - @mbg.generated
      This element is automatically generated by MyBatis Generator, do not modify.
      This element was generated on Fri Nov 13 20:12:18 CST 2020.
    -->
    update report
    set report_title = #{reportTitle,jdbcType=VARCHAR},
      report_content = #{reportContent,jdbcType=VARCHAR},
      report_date = #{reportDate,jdbcType=DATE}
    where report_id = #{reportId,jdbcType=INTEGER}
  </update>
</mapper>