<?xml version="1.0" encoding="UTF-8"?>
<!DOCTYPE mapper PUBLIC "-//mybatis.org//DTD Mapper 3.0//EN" "http://mybatis.org/dtd/mybatis-3-mapper.dtd">
<mapper namespace="com.star.dao.TagDOMapper">
  <resultMap id="BaseResultMap" type="com.star.dataobject.TagDO">
    <!--
      WARNING - @mbg.generated
      This element is automatically generated by MyBatis Generator, do not modify.
      This element was generated on Fri Nov 13 20:12:18 CST 2020.
    -->
    <id column="tag_id" jdbcType="INTEGER" property="tagId" />
    <result column="tag_name" jdbcType="VARCHAR" property="tagName" />
  </resultMap>
  <sql id="Base_Column_List">
    <!--
      WARNING - @mbg.generated
      This element is automatically generated by MyBatis Generator, do not modify.
      This element was generated on Fri Nov 13 20:12:18 CST 2020.
    -->
    tag_id, tag_name
  </sql>
  <select id="selectByPrimaryKey" parameterType="java.lang.Integer" resultMap="BaseResultMap">
    <!--
      WARNING - @mbg.generated
      This element is automatically generated by MyBatis Generator, do not modify.
      This element was generated on Fri Nov 13 20:12:18 CST 2020.
    -->
    select 
    <include refid="Base_Column_List" />
    from tag
    where tag_id = #{tagId,jdbcType=INTEGER}
  </select>
  <select id="listTag" resultMap="BaseResultMap">
    select
    <include refid="Base_Column_List" />
    from tag
  </select>
  <delete id="deleteByPrimaryKey" parameterType="java.lang.Integer">
    <!--
      WARNING - @mbg.generated
      This element is automatically generated by MyBatis Generator, do not modify.
      This element was generated on Fri Nov 13 20:12:18 CST 2020.
    -->
    delete from tag
    where tag_id = #{tagId,jdbcType=INTEGER}
  </delete>
  <insert id="insert" parameterType="com.star.dataobject.TagDO">
    <!--
      WARNING - @mbg.generated
      This element is automatically generated by MyBatis Generator, do not modify.
      This element was generated on Fri Nov 13 20:12:18 CST 2020.
    -->
    insert into tag (tag_id, tag_name)
    values (#{tagId,jdbcType=INTEGER}, #{tagName,jdbcType=VARCHAR})
  </insert>
  <insert id="insertSelective" parameterType="com.star.dataobject.TagDO" keyProperty="id" useGeneratedKeys="true">
    <!--
      WARNING - @mbg.generated
      This element is automatically generated by MyBatis Generator, do not modify.
      This element was generated on Fri Nov 13 20:12:18 CST 2020.
    -->
    insert into tag
    <trim prefix="(" suffix=")" suffixOverrides=",">
      <if test="tagId != null">
        tag_id,
      </if>
      <if test="tagName != null">
        tag_name,
      </if>
    </trim>
    <trim prefix="values (" suffix=")" suffixOverrides=",">
      <if test="tagId != null">
        #{tagId,jdbcType=INTEGER},
      </if>
      <if test="tagName != null">
        #{tagName,jdbcType=VARCHAR},
      </if>
    </trim>
  </insert>
  <update id="updateByPrimaryKeySelective" parameterType="com.star.dataobject.TagDO">
    <!--
      WARNING - @mbg.generated
      This element is automatically generated by MyBatis Generator, do not modify.
      This element was generated on Fri Nov 13 20:12:18 CST 2020.
    -->
    update tag
    <set>
      <if test="tagName != null">
        tag_name = #{tagName,jdbcType=VARCHAR},
      </if>
    </set>
    where tag_id = #{tagId,jdbcType=INTEGER}
  </update>
  <update id="updateByPrimaryKey" parameterType="com.star.dataobject.TagDO">
    <!--
      WARNING - @mbg.generated
      This element is automatically generated by MyBatis Generator, do not modify.
      This element was generated on Fri Nov 13 20:12:18 CST 2020.
    -->
    update tag
    set tag_name = #{tagName,jdbcType=VARCHAR}
    where tag_id = #{tagId,jdbcType=INTEGER}
  </update>
</mapper>