<?xml version="1.0" encoding="UTF-8"?>
<!DOCTYPE mapper PUBLIC "-//mybatis.org//DTD Mapper 3.0//EN" "http://mybatis.org/dtd/mybatis-3-mapper.dtd">
<mapper namespace="com.star.dao.UserDOMapper">
  <resultMap id="BaseResultMap" type="com.star.dataobject.UserDO">
    <!--
      WARNING - @mbg.generated
      This element is automatically generated by MyBatis Generator, do not modify.
      This element was generated on Mon Nov 09 15:52:45 CST 2020.
    -->
    <id column="user_id" jdbcType="INTEGER" property="userId" />
    <result column="user_name" jdbcType="VARCHAR" property="userName" />
    <result column="user_age" jdbcType="INTEGER" property="userAge" />
    <result column="user_gender" jdbcType="INTEGER" property="userGender" />
    <result column="user_phone" jdbcType="VARCHAR" property="userPhone" />
    <result column="user_worker" jdbcType="INTEGER" property="userWorker" />
    <result column="user_login" jdbcType="INTEGER" property="userLogin" />
  </resultMap>
  <sql id="Base_Column_List">
    <!--
      WARNING - @mbg.generated
      This element is automatically generated by MyBatis Generator, do not modify.
      This element was generated on Mon Nov 09 15:52:45 CST 2020.
    -->
    user_id, user_name, user_age, user_gender, user_phone, user_worker, user_login
  </sql>
  <select id="selectByPrimaryKey" parameterType="java.lang.Integer" resultMap="BaseResultMap">
    <!--
      WARNING - @mbg.generated
      This element is automatically generated by MyBatis Generator, do not modify.
      This element was generated on Mon Nov 09 15:52:45 CST 2020.
    -->
    select 
    <include refid="Base_Column_List" />
    from user
    where user_id = #{userId,jdbcType=INTEGER}
  </select>
  <select id="selectByUserPhone" resultMap="BaseResultMap">
    select
    <include refid="Base_Column_List" />
    from user
    where user_phone = #{userPhone,jdbcType=VARCHAR}
  </select>
  <delete id="deleteByPrimaryKey" parameterType="java.lang.Integer">
    <!--
      WARNING - @mbg.generated
      This element is automatically generated by MyBatis Generator, do not modify.
      This element was generated on Mon Nov 09 15:52:45 CST 2020.
    -->
    delete from user
    where user_id = #{userId,jdbcType=INTEGER}
  </delete>
  <insert id="insert" parameterType="com.star.dataobject.UserDO">
    <!--
      WARNING - @mbg.generated
      This element is automatically generated by MyBatis Generator, do not modify.
      This element was generated on Mon Nov 09 15:52:45 CST 2020.
    -->
    insert into user (user_id, user_name, user_age, 
      user_gender, user_phone, user_worker, 
      user_login)
    values (#{userId,jdbcType=INTEGER}, #{userName,jdbcType=VARCHAR}, #{userAge,jdbcType=INTEGER}, 
      #{userGender,jdbcType=INTEGER}, #{userPhone,jdbcType=VARCHAR}, #{userWorker,jdbcType=INTEGER}, 
      #{userLogin,jdbcType=INTEGER})
  </insert>
  <insert id="insertSelective" parameterType="com.star.dataobject.UserDO" keyProperty="id" useGeneratedKeys="true">
    <!--
      WARNING - @mbg.generated
      This element is automatically generated by MyBatis Generator, do not modify.
      This element was generated on Mon Nov 09 15:52:45 CST 2020.
    -->
    insert into user
    <trim prefix="(" suffix=")" suffixOverrides=",">
      <if test="userId != null">
        user_id,
      </if>
      <if test="userName != null">
        user_name,
      </if>
      <if test="userAge != null">
        user_age,
      </if>
      <if test="userGender != null">
        user_gender,
      </if>
      <if test="userPhone != null">
        user_phone,
      </if>
      <if test="userWorker != null">
        user_worker,
      </if>
      <if test="userLogin != null">
        user_login,
      </if>
    </trim>
    <trim prefix="values (" suffix=")" suffixOverrides=",">
      <if test="userId != null">
        #{userId,jdbcType=INTEGER},
      </if>
      <if test="userName != null">
        #{userName,jdbcType=VARCHAR},
      </if>
      <if test="userAge != null">
        #{userAge,jdbcType=INTEGER},
      </if>
      <if test="userGender != null">
        #{userGender,jdbcType=INTEGER},
      </if>
      <if test="userPhone != null">
        #{userPhone,jdbcType=VARCHAR},
      </if>
      <if test="userWorker != null">
        #{userWorker,jdbcType=INTEGER},
      </if>
      <if test="userLogin != null">
        #{userLogin,jdbcType=INTEGER},
      </if>
    </trim>
  </insert>
  <update id="updateByPrimaryKeySelective" parameterType="com.star.dataobject.UserDO">
    <!--
      WARNING - @mbg.generated
      This element is automatically generated by MyBatis Generator, do not modify.
      This element was generated on Mon Nov 09 15:52:45 CST 2020.
    -->
    update user
    <set>
      <if test="userName != null">
        user_name = #{userName,jdbcType=VARCHAR},
      </if>
      <if test="userAge != null">
        user_age = #{userAge,jdbcType=INTEGER},
      </if>
      <if test="userGender != null">
        user_gender = #{userGender,jdbcType=INTEGER},
      </if>
      <if test="userPhone != null">
        user_phone = #{userPhone,jdbcType=VARCHAR},
      </if>
      <if test="userWorker != null">
        user_worker = #{userWorker,jdbcType=INTEGER},
      </if>
      <if test="userLogin != null">
        user_login = #{userLogin,jdbcType=INTEGER},
      </if>
    </set>
    where user_id = #{userId,jdbcType=INTEGER}
  </update>
  <update id="updateByPrimaryKey" parameterType="com.star.dataobject.UserDO">
    <!--
      WARNING - @mbg.generated
      This element is automatically generated by MyBatis Generator, do not modify.
      This element was generated on Mon Nov 09 15:52:45 CST 2020.
    -->
    update user
    set user_name = #{userName,jdbcType=VARCHAR},
      user_age = #{userAge,jdbcType=INTEGER},
      user_gender = #{userGender,jdbcType=INTEGER},
      user_phone = #{userPhone,jdbcType=VARCHAR},
      user_worker = #{userWorker,jdbcType=INTEGER},
      user_login = #{userLogin,jdbcType=INTEGER}
    where user_id = #{userId,jdbcType=INTEGER}
  </update>
  <update id="updateWorker" parameterType="com.star.dataobject.UserDO">
    update user
    set user_worker = #{userWorker,jdbcType=INTEGER}
    where user_id = #{userId,jdbcType=INTEGER}
  </update>
  <update id="updateLogin" parameterType="com.star.dataobject.UserDO">
    update user
    set user_login = #{userLogin,jdbcType=INTEGER}
    where user_phone = #{userPhone,jdbcType=VARCHAR}
  </update>
</mapper>