<?xml version="1.0" encoding="UTF-8"?>
<!DOCTYPE mapper PUBLIC "-//mybatis.org//DTD Mapper 3.0//EN" "http://mybatis.org/dtd/mybatis-3-mapper.dtd">
<mapper namespace="com.star.dao.UserCodeDOMapper">
  <resultMap id="BaseResultMap" type="com.star.dataobject.UserCodeDO">
    <!--
      WARNING - @mbg.generated
      This element is automatically generated by MyBatis Generator, do not modify.
      This element was generated on Mon Nov 09 15:52:45 CST 2020.
    -->
    <id column="usercode_id" jdbcType="INTEGER" property="usercodeId" />
    <result column="user_password" jdbcType="VARCHAR" property="userPassword" />
    <result column="user_id" jdbcType="INTEGER" property="userId" />
  </resultMap>
  <sql id="Base_Column_List">
    <!--
      WARNING - @mbg.generated
      This element is automatically generated by MyBatis Generator, do not modify.
      This element was generated on Mon Nov 09 15:52:45 CST 2020.
    -->
    usercode_id, user_password, user_id
  </sql>
  <select id="selectByPrimaryKey" parameterType="java.lang.Integer" resultMap="BaseResultMap">
    <!--
      WARNING - @mbg.generated
      This element is automatically generated by MyBatis Generator, do not modify.
      This element was generated on Mon Nov 09 15:52:45 CST 2020.
    -->
    select 
    <include refid="Base_Column_List" />
    from usercode
    where usercode_id = #{usercodeId,jdbcType=INTEGER}
  </select>
  <select id="selectByUserId" parameterType="java.lang.Integer" resultMap="BaseResultMap">
    select
    <include refid="Base_Column_List" />
    from usercode
    where user_id = #{userId,jdbcType=INTEGER}
  </select>
  <delete id="deleteByPrimaryKey" parameterType="java.lang.Integer">
    <!--
      WARNING - @mbg.generated
      This element is automatically generated by MyBatis Generator, do not modify.
      This element was generated on Mon Nov 09 15:52:45 CST 2020.
    -->
    delete from usercode
    where usercode_id = #{usercodeId,jdbcType=INTEGER}
  </delete>
  <insert id="insert" parameterType="com.star.dataobject.UserCodeDO">
    <!--
      WARNING - @mbg.generated
      This element is automatically generated by MyBatis Generator, do not modify.
      This element was generated on Mon Nov 09 15:52:45 CST 2020.
    -->
    insert into usercode (usercode_id, user_password, user_id
      )
    values (#{usercodeId,jdbcType=INTEGER}, #{userPassword,jdbcType=VARCHAR}, #{userId,jdbcType=INTEGER}
      )
  </insert>
  <insert id="insertSelective" parameterType="com.star.dataobject.UserCodeDO" keyProperty="id" useGeneratedKeys="true">
    <!--
      WARNING - @mbg.generated
      This element is automatically generated by MyBatis Generator, do not modify.
      This element was generated on Mon Nov 09 15:52:45 CST 2020.
    -->
    insert into usercode
    <trim prefix="(" suffix=")" suffixOverrides=",">
      <if test="usercodeId != null">
        usercode_id,
      </if>
      <if test="userPassword != null">
        user_password,
      </if>
      <if test="userId != null">
        user_id,
      </if>
    </trim>
    <trim prefix="values (" suffix=")" suffixOverrides=",">
      <if test="usercodeId != null">
        #{usercodeId,jdbcType=INTEGER},
      </if>
      <if test="userPassword != null">
        #{userPassword,jdbcType=VARCHAR},
      </if>
      <if test="userId != null">
        #{userId,jdbcType=INTEGER},
      </if>
    </trim>
  </insert>
  <update id="updateByPrimaryKeySelective" parameterType="com.star.dataobject.UserCodeDO">
    <!--
      WARNING - @mbg.generated
      This element is automatically generated by MyBatis Generator, do not modify.
      This element was generated on Mon Nov 09 15:52:45 CST 2020.
    -->
    update usercode
    <set>
      <if test="userPassword != null">
        user_password = #{userPassword,jdbcType=VARCHAR},
      </if>
      <if test="userId != null">
        user_id = #{userId,jdbcType=INTEGER},
      </if>
    </set>
    where usercode_id = #{usercodeId,jdbcType=INTEGER}
  </update>
  <update id="updateByPrimaryKey" parameterType="com.star.dataobject.UserCodeDO">
    <!--
      WARNING - @mbg.generated
      This element is automatically generated by MyBatis Generator, do not modify.
      This element was generated on Mon Nov 09 15:52:45 CST 2020.
    -->
    update usercode
    set user_password = #{userPassword,jdbcType=VARCHAR},
      user_id = #{userId,jdbcType=INTEGER}
    where usercode_id = #{usercodeId,jdbcType=INTEGER}
  </update>
  <update id="updatePassword" parameterType="com.star.dataobject.UserCodeDO">
    update usercode
    set user_password = #{userPassword,jdbcType=VARCHAR}
    where user_id = #{userId,jdbcType=INTEGER}
  </update>
</mapper>